id,full_name,password,username
1,hung,$2a$10$qRc3WdkXaUivmaU8.HaEaO47KcaL4obct8PZ0oYT6Uoz7NEfpv.yC,hung@example.com
2,"Register Test",$2a$10$aKSmOQlJEGJue0dgsRJ/5.3aP6BXYtQVTnh02bQtw9xvKtnj/Lv/u,test@reg.com
3,"Register Test",$2a$10$I9fsa86.co6UjzigT5vUruhGu3U1fcmZO4h6UGiXyPEmO.tM0Pz5C,test1@reg.com
4,"Register Test",$2a$10$GliD6nSPqfr17sdgBIIbJOX77.rL.8LgwisZG4daA/B.TAzpfaB46,test2@reg.com
5,"Register Test 1",$2a$10$n6/4VYVVwovQohZGJhIXouaavx0ffdEpchCkhXQoWxj9W4c/gADWW,test22@reg.com
6,"Register Test 1",$2a$10$bi3Y8BjUr2S.jFyDzVUgvOp/cJai39OVgFup1m3RdQ4TTGvedep12,test223@reg.com
7,"Register Test Special",$2a$10$1U.yMNNnRn1nzkQDtK8bK.9wZG2jIeOgzjYVeJUZGRnfHPoJslNBe,testspec@reg.com
8,"Register Test Special 2",$2a$10$LflIu1bZ4h.l1ZQu3GqsjuwG5xQ3ikzPXeG3lnp23roDUm2eN.q9K,testspec2@reg.com
9,"Register Test Special 2",$2a$10$olswmLpPhC8MlIajBL4vmeSU2p6C5dFaZev5OFVcaAhCptiGIK5YS,spec2@reg.com
10,"Special 2",$2a$10$iTLXSMiW8XRelYgsKuWyieLZqNjfeG.fs3eI7x4wHADwhW9uZWXS.,spec23@reg.com
11,testRegister,$2a$10$hA325BUBcRFd.DW200ASiOArpTR/9kh1KyPgG6umGA4uUviScjgaK,1234@gmail.com
12,"Special 2",$2a$10$ArgQ/dFnl17DaXLD8wF9seotZUNkgJwlK6vQ0P4b83gf6L7p/NcAy,spec231@reg.com
13,"Special 2",$2a$10$uG0ocBDqQ2Gjf.ScDEJ2gOgokxwpyLIGkr5PkvQn0eT0K1H3qmO5O,spec231om
14,Test,$2a$10$hlq5gEmGnj0Kl6Cag5gh2OUOxs30ms9nMLnPMKxBOSt94KiYCSfh.,user_moi_999@test.com
15,Test,$2a$10$DMSP2yw2QAH6gJi0oRxUDOmx4ODVH84toACB9SRYmyrvUTzXfFkOK," "
16,Test,$2a$10$Tn4I/BF3bEvq5T/u0DQ.u.5jU6CGa4TgG5PluwV0hCG8EXgkxQQXW,
17,"Register Test",$2a$10$xgE3LKGrsAQ7Zu9Bgd8qa.ARRy6.TfC6idPWyh4DDo902pirRyoge,test888@reg.com
18,"Register Test",$2a$10$mAFMGdzmIZhjHl9Uq67e7.j/EE/4n9eI5SlTcz/QJdOo6m0jUszqe,test8898@reg.com
19,"Register Test",$2a$10$NVBVtDvzeb628iP4yb6CVuZ8yGT0aLQePDWlz9qX84fDPQ1GPlTly,test889@reg.com
20,"Register Test",$2a$10$mf5LPsDr9OkuukYLnNtQd.nmPlTtHaDYgPY7xnHd/GX1SQRMtzOmS,test889
21,"Register Test",$2a$10$o5H50qpFh5dRE3Eyb3jzKO6OjgLTt3u/5HKtehaUqFvdhsfW.48Iq,test889e
22,"Special 2",$2a$10$FdXQtPIgwgKqIo/nMZn4t.XcFr5UExoXFaRCqmoVhuYIf5QX5xAPu,spec231omai
23,"hung 2",$2a$10$YG2u66nq2kghaggD7d8Qju0xpQjATRigHdBkfOwH9pnpaK/jmE32u,hungb@example.com
24,"Test 3",$2a$10$ktJDnC0esltKlPbpC0hdv.6N0h9kXXrhQTCnElanXse4Q35qtnqTu,test3@example.com
25,test,$2a$10$5JIV4KKGQeorvlD.fu7LiuiEuc5x3gCJYfWaSQdq4cXNkViA2vYPm,testregister@example.com
26,test,$2a$10$BWTEWr6D7UIHwknwYsB0meMkf14KyujgGATQVKu13d/3eyXqUvvIe,testreg@email.com
27,"Register Test",$2a$10$lD1Xcvi2jZrlbEptlK8L.eUUR6SzuOoEKqhR2frrcwaGpnzmHqIs2,test1762594551808@reg.com
28,"Register Test",$2a$10$vn5t4rSTUnG8QpedEynpAu791o7uY20iLnVSWopnlAbMnnLDbfUYK,test1762594570845@reg.com
30,"Register Test",$2a$10$pPQMkT7cQ.jPEP63pSuOV.QO1Yf8qadYXkHoVwnILwLAx6/rjAV.m,test1762594662185@reg.com
31,"Register Test",$2a$10$fnrccfkoJWCxxdpn0c7AQeJiLIzPVmFS9.ppWbpnrSFcRxVBgyIXq,test1762594978198@reg.com
32,"Register Test",$2a$10$/stCOzB9fZ9aVd8BRzJ9fO1p9heqNFlU4jfpyY63jGiXmG/awL8HS,test1762594980097@reg.com
33,"Register Test",$2a$10$dfYEcw0VvyMhQvV/9veqdujxkRIM6UQGi6kU1rhzByoYz/TvN1Jm2,test1762595090379@reg.com
34,"Register Test",$2a$10$mEeA95EeB9B7UQCeKmvVVuSc2L/bQCe9lh/BBjjdIAdeqxkCTJRJ6,test1762595091378@reg.com
35,"Register Test",$2a$10$m8giht.pfOuai5jpymN9ku1ZMhwxZYQrlbUFt3LaP7xbfe5ZTKA.2,test1762595117600@reg.com
36,"Register Test",$2a$10$bC6ukP0YYUzKrwHzW5kJleoIRco..44vx049eY3PjQ.lVP7.a.h4W,test1762595118321@reg.com
37,"Register Test",$2a$10$zAI7rw9oMCessvT0xYKnKuunhrQ.EgvNUmoIIMyzRozZHD7NoLmiq,test1762595118860@reg.com
38,"Register Test",$2a$10$.DTJNRvudjYLpC/H3Zj62OVZkvX044HxRabcpbh.s0AUSzidfS38K,testreg1@reg.com
39,"Register Test",$2a$10$EmY/joyizVNEi7twm.UgHuvNR6bkLDE4hJCeGoph29j3UpOqUU38W,test889de
40,test,$2a$10$QgRkTVBW8l7123Q9j6FkLuZPiy3ddJKyuDMBaFjWJK5YKxd39N6K2,testredddg@email.com
41,"Register Test",$2a$10$6i8Ac2Qb.Hey9bLzxO0UKeK7QNBtk6HHUtMA42LaQ6H7dJQwIamFa,test23333@reg.com
42,"Register Test",$2a$10$CUMrzqu1fix2U7zBLRmoneuQAwXsZjQFhop7qlyuVBHyvp7Tm7jDe,test2r333@reg.com
43,"Register Test",$2a$10$O7/J1hZ4HnXXbCidOpZ3ueT20e/r.hTXb28KLB3hnOA51t/cdsday,test2rf333@reg.com
44,"Register Test",$2a$10$DZm.QLREsaLMG3G8Lu.Ejue/E0R6l/fBYu2HiaRL.qIt13gy/cEd2,test2rf333@freg.com
45,"Register Test",$2a$10$cZgjzewV9/dnPabfJv19k.WhJCkCRnTmEZs90YaVZN5iW97YN1zze,testdrf333@freg.com
46,"Register Test",$2a$10$6gkAnWr3GSQNmLMdl5A3I.3TPAeLF32YePMGno2M14ceOtUGggeKu,testdrf33d3@freg.com
47,"Register Test",$2a$10$NliOQzECfTCx2kPUtJIJ4ej3yANb6Gecoh6Vpjf41m.333xxaW0AS,testdrfd33d3@freg.com
48,"Register Test",$2a$10$dmiy.1Tdys0LYfnJO2S8cuJPe8ZJOVGxS1t8U94pUdIj1uAnXCFI2,testdrd3@freg.com
49,"Register Test",$2a$10$okef0THr6E3fo1oTqBxLreLfNZ/cebbyKINv4g2UWCsFEm761uKFu,testdrdd3@freg.com
50,"Register Test",$2a$10$z23z4Ck.BsuNn/z6/mSNDusUizLuiwUC0vn2ieTND7RKG.03nA7Je,testfix@freg.com
51,"Register Test",$2a$10$YYIH2m5PeF3vJPD8lh/PQuWAS4FTMnJI1g06B8uDENStYcOVbBTz.,tesdtfix@freg.com
52,"Register Fix Test",$2a$10$2EEInqxVin.a.lUHXxKF/OeEdKYu8WcW/IDk15pXiKqd7wncD0tYS,tesdtfix2@freg.com
53,"Register Test",$2a$10$KnKUS2fTd2VkAhMGiGkLZ.8JBB9gGR0CYXhPt4LZFCGGjZYfWVL4O,test1762612218143@reg.com
54,"Register Test",$2a$10$dSkk5d0vksnIvCQg/7giUu2qg.2Z5r7B6CJgSxVATRm1ehhB3Dai.,spec231m@gmail.com
55,"Register Test",$2a$10$ZNAES7.zcLQGIul2IqnE4eLYQqBLbvX8tLu21ZnhHy.F6GQl6KYyq,test1762612220253@reg.com
56,"Register Test",$2a$10$JcSNYZ.k46Kal5a/6CN52Obsw18BLM92wIKd0/7na1GnPKXTVGK6u,test1762615453545@reg.com
57,"Register Test",$2a$10$LWks7kXj3OGIbHjwoC3BdOlBzuY9Ua1E6cJj2SJtidrX0HSdra6py,test1762615455350@reg.com
58,"Register Test",$2a$10$LLSoy/safKmBsp1Fdf7nou/d5IDYq62jJAWLOIqalRPjYUBJpV4cq,test1762615456499@reg.com
59,"Register Test",$2a$10$LFVhvahHO.a3w6GNJZqQD.QtXIE8YC0QwGSwcPsOTHFhwfJse3ywe,test1762694712072@reg.com
60,"Register Test",$2a$10$2iesoikkbvwC8yT1YHXi1.CEc58YtrxsKFusl8qagZ/6d2c9PTPje,test1762694713717@reg.com
61,"Register Test",$2a$10$/cIO.Xy1AXo1Nl2AsW7HU.X46DYmqWrCRCswxjRtl6doM2no4vExS,test1762694714702@reg.com
62,"Register Test",$2a$10$bHYioHsFokWwtArAnjif5u0/Lv1bYF/SaVmvCpJvLjalxagSiRa6q,test1762694808230@reg.com
63,"Register Test",$2a$10$H.5A5lQ2/NnIA7GQiv6eAOsD6zJnm8uyztaAxAxtSbIiTF.ANT1pe,test1762694809736@reg.com
64,"Register Test",$2a$10$Vatp6OuU5vLOM4B8CRUsV.xlkZH.yoCfpZfbVuVsi//af.PtAwJdq,test1762694810708@reg.com
65,"Register Test",$2a$10$6QFE52KsNF1G1gUDz9/pd..urbxdCkliGXfOHrAsB3QTgyGC9OcI6,test1762694955514@reg.com
66,"Register Test",$2a$10$mbDKvTCzy7AUjJoqvkkWGuIUvkXp0RU5bIgiS2BihrfKOTV4OrZpe,test1762694957039@reg.com
67,"Register Test",$2a$10$sc9iWBxRdVwUqAjdT7sjduAe9UFDcTFD6KXbtJZtQDmiTF5UcIxVa,test1762694957974@reg.com
68,"Register Test",$2a$10$UF4ILcL59b9lMqO1dS49seHAhr.LpIHF.6Z1ZDih.J7nSQqMCVqhW,test1762697738341@reg.com
69,"Register Test",$2a$10$icjddefZM2wLqC/IyNt76eCxiRSBoVZYYFKQtrQRVCuS023lef7lG,test1762697740132@reg.com
70,"Register Test",$2a$10$GjhDcQzeqM18bxzd3dlR2.qMpXCxPBgLG/Mbqn.bCIYQcKmloxoCO,test1762697741581@reg.com
71,"Register Test",$2a$10$vD/e413wY.QXDZQ96a2eHes4XOIs6Eb24Ns6VUFyLEXU2kvnrmjBO,test1762697938208@reg.com
72,"Register Test",$2a$10$AZkw80HR2Funf/bNrKQCf.gnZt91LClbthvMibJQQo/i0hsCgJNMS,test1762697940051@reg.com
73,"Register Test",$2a$10$txNG2nNmsSh9B8nBwHnvDuVAdxETa818kp0a01DQCUml5hedYSuhe,test1762697941285@reg.com
74,"Register Test",$2a$10$7q3yn/0wxu.BLz2G5QFde.n5.mVr35.iOSmlfB5ooU1Dr0qL3hJ9K,test1762698513117@reg.com
75,"Register Test",$2a$10$w0rQ9Jn791Z54eyNy7gw6uQRENNVCXDm4w.KpoR1fYkFpwK.Ul8na,test1762698515129@reg.com
76,"Register Test",$2a$10$r45OWpIOFZC.6JbTOoT/TOMywufaaiwaX0haGEpsAKcTytHT23uYq,test1762698516741@reg.com
77,"Register Test",$2a$10$kWeVIN56m6bGWam6x6lm7.KElx15jiw9DPmPHbbw55vIWGAOscz2K,test1762699188356@reg.com
78,"Register Test",$2a$10$SZMrlw1RSb5hpY4.3sUEtOvBxp6HXm8DTq7rsQHtSGWnKstNOwgHe,test1762699190586@reg.com
79,"Register Test",$2a$10$TtYzhkPqmEbA7iSC5IpMpuGV8oBlUVEyLSKKBifHn60gHA0Z1aPoO,test1762699192566@reg.com
80,"Register Test",$2a$10$uIPYhNeLDHcm8vAtp7Qm1ec5rgIgLPzs3sbKFO83GahPXrMZjzf9m,test1762954306650@reg.com
81,"Register Test",$2a$10$A4anenmIrnq6Yx0TwwJk6Ox6gm3pPZLkCsn0ePnicZy0a9fdzdh1K,test1762954308624@reg.com
82,"Register Test",$2a$10$f9k7RKJkuduwCoxJpmbqQu7J5nlexm7gsIpbHaCHgMKGq7lBUrSlK,test1762954310292@reg.com
83,"Register Test",$2a$10$YsdTpmPaVjby/xHVFSLIue2B8QRy6IKKQ4ZVzVfBpSYSKw2gt2Ut.,test1762955021049@reg.com
84,"Register Test",$2a$10$e4vUfppNqIsHfJmr0DdbCuOCQJAv6vgM7gh8CvGMNVzbymtMtKT6e,test1762955023245@reg.com
85,"Register Test",$2a$10$2gDTWCGzjzdGlC/8rxa.re2lDROSUwDkP7Lne40rJHuahHC5syq2i,test1762955025200@reg.com
86,"Register Test",$2a$10$PSYkWI0G61PyaDQFQVmL/OvaY2OHFiLY1EG007Mhjr9lXL7Mty9bC,test1762955291707@reg.com
87,"Register Test",$2a$10$O/TnPBgowQOPgoHEnO59A.pB.NMHy1dcEvmqDLwgzSOyEOwZSktHC,test1762955294258@reg.com
88,"Register Test",$2a$10$waA6P3kiRftUSLgYafCfCuGB1V5S5Td2mOMa/0V1IjWALWuO..DZK,test1762955296519@reg.com
89,"Register Test",$2a$10$2gyD8lKMI9sCXMB0R.yepOlWkuu0jApeOUeyA.Fb9Oz3BLYXGfg8C,test1763136882685@reg.com
90,"Register Test",$2a$10$7v32rwA5OTUotHeMhswGluECU7GK1TOMTIGWlhve7UqwNQRK0aOVu,test1763136885231@reg.com
91,"Register Test",$2a$10$yOTvBtY/WDwppXSe2qUZre0hh1D8Fj/n/Zd40.0TnUHuDjYdR3pY2,test1763136887349@reg.com
92,"Register Test",$2a$10$0neitIyEFH8Sjyjdjpa0weiv718jY3OnnYvdA6lLz4NqNSMZAxdSu,test88f9de
93,"Register Fix Test",$2a$10$TGVPNLMMIlhCFIMZsb2vve/Y6kTzBXoB4Q8QlNrohAg97KT0HxO4C,tesdtfix22@freg.com
94,"Register Fix Test",$2a$10$Yq5fivibqXkd.YJ6ekFb7etsmqXqKJ/RdXawV8lwqvAS3DLn6s89K,tesdtfix23@freg.com
95,"Register Fix Test",$2a$10$wcTAcA3hpzNQVggNPIWw/uZMGy7tfpKKqaotfrJ3bjPiRpIiCqhSO,tesdtfix24@freg.com
96,"Register Fix Test",$2a$10$SIpMH6TO/rQqSzFGivRgp.iIl407ieuJqPS5cI/Ua8h6/O/VGD0VO,tesdtfix25@freg.com
97,"Register Fix Test",$2a$10$iH2aobpjXtPOaOeLwiCQIuCpLQrlosEPxM5x9Wj.zQnz616y2Mxe6,tesdtfix26@freg.com
98,"Register Fix Test",$2a$10$F/EmLJ0M9Wu4BiFocftH8uxzelDFr.zKpiTJ.YvUF1fWuHHsj1B9m,tesdtfix27@freg.com
99,"Register Fix Test",$2a$10$wjkTgJ.sPJ2Gy6oXi4fgCuUlIon/meOExzNBhPaeC5GYAtdHAA8ui,tesdtfix28@freg.com
100,"Test SQL Injection ' -- ",$2a$10$NQia8nF2sEHvHFO/uCm.VeOt.Q9oxUznHA1AIuXVVm8FSYP5JhNjW,"test_sqli' OR '1'='1"
101,,$2a$10$jh8bsJZexvBosugYoZOm9.atw5ra3cZy9q.Qb3cdtTJJdeRtWS6pe,testr7_1763736933527@gmail.com
102,"Register Test",$2a$10$D4kb1eYOBRZ.o3MUvr78tu3qZksYaNk7G8Bg0ZSE602YfNwEgSUe6,testr8_1763736933543@gmail.com
103,"Register Test",$2a$10$37xXwEWWjqz0Au1N7X3F4Os4wxCuYJyWXF3uxa1oza.oPzR6Fjdum,testr3_1763736933558@gmail.com
104,"Register Test",$2a$10$C.mIYlq1xlqC86XxdbaoJ.lAaXUqJ6ANGIomD4AehIYFItJ3n4rsO,testr6_1763736933584@gmail.com
105,"Register Test",$2a$10$T2PfltR4gZKcL6ueOKHE9uIKD.Ha/roYswbn5V5itL1ossxmpE/lS,testr1_1763736933606@reg.com
106,"Register Test",$2a$10$8PXLLLOmtv0VEMpl0wZ1tOlWe2KYDSywVJwdaoN2nbil/SVhoBT/.,testr2
107,"Register Test",$2a$10$1LTrG7gU9E7FORbFVUInW.tXs9nQE704OZXxIzO.BnyyawydRFpYm,testr4_1763736933650@gmail.com
108,"Register Test",$2a$10$fayemGfWjlZiToUOhwm2SO5SHNSplYrbM/0tJsZC/5MrjYz.sW9Yq,testr1@gmail.com
109,"Register Test",$2a$10$g52RvEQwypwHK3ZCeAjjVOfLR9XMYYT8l/zY5UXvJD/Qy3TS6N9fO,testr4_1763737433611@gmail.com
110,"Register Test",$2a$10$7AAsMNKFLTEG1gpn0G7.YeYyHpHWfwQjTNkiKJHlvyqLfD5q/ln7G,testr8_1763737433697@gmail.com
111,"Register Test",$2a$10$c/tnjdQtGlt8CjKd3xv0.emw5O6Y3CAmUJI.j6.j8XyVcMiZASnWa,testr3_1763737433714@gmail.com
112,,$2a$10$z0yUuMclxnSdY5yfr281de8Jp.Ab3lXdax6W3ki32VoFYG4CMB1sS,testr7_1763737433715@gmail.com
113,"Register Test",$2a$10$18H2HRtKX//nWNtmtvKm3OZ7UjnmgbuGcGSub4yiwRUOX5OHhMz26,testr6_1763737433761@gmail.com
114,,$2a$10$mq/UTnMsCEPDJwo2rz9TZuXQXzZRCJEB4K/97WtaTYAcdVkVFRLnq,testr7_1763737462545@gmail.com
115,"Register Test",$2a$10$yxJSYOfyK/9NA3lBpwjyU.7EJWfI5jQ5flma4qH9rYCRXo7MveZ7C,testr3_1763737462551@gmail.com
116,"Register Test",$2a$10$sOwdGHhW.CD.o3GQHd0KOusVb3SbT9cgKSlogskkimsgs.fUKs.6e,testr8_1763737462613@gmail.com
117,"Register Test",$2a$10$I67FBwyM0iMeOLl1VLq48.cDOOO1QIObRjw30Hp8K.pOyFuh818am,testr6_1763737462613@gmail.com
118,"Register Test",$2a$10$CTqpW/XMbWGbyyQxH.Vw4OCuQ/oymqsqwOJrElk8yb3S4S4AuNMhO,testr4_1763737462626@gmail.com
119,"Register Test",$2a$10$mLekQCn/PTHnDHTs94T8Q.n09QX6.5RuOS1x94ZtIB2SnZUPQNbkK,testr15555@gmail.com
120,"Register Test",$2a$10$OToCJRI6ArC1pA.4MWJokOhCAj8MZxmJxITaaJeVwO90c2UrEDy6.,test_auto_1763737651286@gmail.com
121,"Register Test",$2a$10$N0T0UoKTNaXE9TPPCw3XD.1REZXzU1Dmxz4VVU1sn55UfvYPt6FUO,testr2h
122,"Register Test",$2a$10$nPgho2AyAserHHKptGs0yOzQWu3Q/keB6pwFzrJMtwric8UPRdrf6,testr2_1763737779401@gmail
123,,$2a$10$g0Pff32IhGkx2i5m3OLaceq82XVHV2VPBsbEAWrViHyyprMR/XcDi,testr7_1763738121743@gmail.com
124,"Register Test",$2a$10$cgZi6m6NpeR3BQfBkXo.m.YOSVt9lcgu22hHeR9DAp/s3d2D9yoS.,test_auto_1763738129685@gmail.com
125,"Register Test",$2a$10$npkPPbLHpEoyeZOa6rE1SuHs0utMApbeGeEvlwMhZe73DWSGiFC6G,testr4_1763738129695@gmail.com
126,"Register Test",$2a$10$sEgpexu5eMHnkw8gTh1hxuFvy8k2oAnwpHG8J5vmzUepMgM0c5ve6,testr3_1763738129710@gmail.com
127,"Register Test",$2a$10$tFeiN5nbAd3ZoJg48a9vNu2xJz93jRJJOA6zwVw0NHx1iQq2Oz/r.,testr8_1763738129711@gmail.com
128,,$2a$10$WG2jPaAPZpo1EgOtqQ1y2eb56LrUleZ3aRE/wAW3GwyE6Pi4WE.Vy,testr7_1763738129732@gmail.com
129,"Register Test",$2a$10$.yWjusit57cwpJqga3oHHey42w0nm05YmaO1b0jRjWyrhw8aZKSri,testr6_1763738129829@gmail.com
130,"Register Test",$2a$10$jxJk9oCiqLWTBi3/mnerq.u9wJCfQzJVIz8ShevgqkamLU9ob8vf2,testr2_1763738129826@gmail
131,"User Goc",$2a$10$7rO/3PxmVJW1iJRTA5e5/uI0pdpwnA3Vi5XwZ6oJGxKNNrykPvOuy,duplicate_1763738355318@gmail.com
132,"Register Test 11",$2a$10$GO.XECQjGrPxKeV4BzhFeeYuaHVtxm8hkJnM0LVbUFW8lY/ekdxKK,"   "
133,"Number Test User",$2a$10$rnbTgNZPV1ZqNIk2YWnXtOj/A7lC4OWTzFs6v7BkwZ5pSN1eEQF5W,99999
134,"Register Test",$2a$10$dHCc5GRsIm0k78Ju5CdK6OmgD6X2hj1Y5A5mEXfk6GF8hmVT.WqXK,testr8_1763776499435@gmail.com
135,"Register Test",$2a$10$WdoxJK8ZgcGQRsDJZqj3C.5EZocqAraVIvKPCUz3u5FgLAN1XeOCK,testr3_1763776499477@gmail.com
136,"Register Test",$2a$10$rcipLV.2IReY6DdMQjXdjOFugSuyJsopsKurkm5N3Y7dPQO6v8E9y,testr4_1763776499408@gmail.com
137,"Register Test",$2a$10$A3TPXQ7tlXSyICrB4WYxyu13uOfTfYO7vCLiyxTGgg3PZDwlv6/pu,test_auto_1763776499379@gmail.com
138,"Register Test",$2a$10$lA4m..Ztua6IaGBNk6LGDeNqIQuV3td3kp80U.jPLneA3JKwMAHoi,testr6_1763776499373@gmail.com
139,,$2a$10$yFcxxtuGAmxBO3bMvK6mU.7sA.kN0jwL02PPUVIkIcbADyKxe5WFi,testr7_1763776499408@gmail.com
140,"Register Test",$2a$10$1.QTE97ZX.7.dzIs/tIOkuAORfCnOXLtVcPb5KQS0Y4KdbFr1bs.S,testr2_1763776499482@gmail
141,"User Goc",$2a$10$IrKtlFaaqEcJ/ug07GpAhudnuxuh5JEuyA4jhETia.AgJ88CSjkQK,duplicate_1763776499655@gmail.com
142,"Register Test",$2a$10$6illGfZ8B6LHkRPH2nET0.Q.sFz44xtZe1TYAqFrmJx.aHoBO8ja.,testr2_1764145340397@gmail
143,"Register Test",$2a$10$QTBzLDDeO1Yp4ZGBf0niGOPLirshVKJQg7bAd/vxkpGTVaP.5CU8a,test_auto_1764145340379@gmail.com
144,"Register Test",$2a$10$Ia2G2vvwgeDMa1JTGy42AOsljW1UBzHPUF6x3B6mcn/g2kUPaRyQq,testr3_1764145340281@gmail.com
145,"Register Test",$2a$10$p7cuBckELh2xlhHAcJXTbuMwy3hEo1mQphMuyrRPtbv7WH/oGrCum,testr4_1764145340741@gmail.com
146,"Register Test",$2a$10$8FzfV7j2yj2pDrJ/bZH3uO3kxlxdq55vrGAd2b6S7vrK38hel1byS,testr8_1764145340801@gmail.com
147,"User Goc",$2a$10$SxcH7NZYrWigtHwuMgPJUuH4ylaeSPUQjqQSRHIP7Y2VTexFLsYEm,duplicate_1764145340815@gmail.com
148,"Register Test",$2a$10$SGOFEKNQLA4GIjWCdLS8wu2rku8RoRhgBQXIrap3SA7.L9Mqq.zUO,testr6_1764145341509@gmail.com
149,,$2a$10$pW9OwSnpHNDCTe6YTkz6Ne8KEhQqIOIY1B50V27RnfCbPGehSEcd2,testr7_1764145341534@gmail.com
150,"Register Test",$2a$10$.CS50Sxsc8Rpf.ru8i.Gu.QV.p2m6FJbRdOHy5V8nGNobgLRFRnDq,testr2_1764150054914@gmail
151,"Register Test",$2a$10$uC9aUkb3lIw6A.zn3VNE2.S6VbOsYaT6sd.HeIoiArgB/TqUnz.Du,test_auto_1764150054984@gmail.com
152,"Register Test",$2a$10$QKeMOvDIqYPsyWlozXIYOe3Ji9FeWEw6B8zlbUi.SkhSVmAKCDJiO,testr3_1764150055007@gmail.com
153,"Register Test",$2a$10$QqdEeOUflWYZ.rIIDy73Aef0aD583mH5FnNHnqT9yNF8yM2ZlYjpu,testr4_1764150055109@gmail.com
154,"Register Test",$2a$10$b3dVhWSygOKDxrmya9yCG.2m5SNTxXJzRH9ENUEiLTbM.LDbz.kM.,testr6_1764150055187@gmail.com
155,,$2a$10$1ObXmuS61lF7yqlH3E8g5euJeTOpGS4Hk2zsaPG515tR5DuxYjb7C,testr7_1764150055185@gmail.com
156,"Register Test",$2a$10$uScS1A2lG.FcPwOVpv5kQegxXzEd25gxWGw4btJ0gKWnc1E/zWXnK,testr8_1764150055207@gmail.com
157,"User Goc",$2a$10$5OII5Lc3aTvO.Lmuw50Yxeawa2vKXfB6mTiMZvjzZRp2CK1Nj4slm,duplicate_1764150055947@gmail.com
158,"Register Test",$2a$10$Z0Vh2GKEQfF/kf4CCQbrQOIYMHWHBaZwLr0HOfr/DL.CR40UKoiHa,test_auto_1764151177663@gmail.com
159,"Register Test",$2a$10$yHgASHES0sBaGS3ZVfEIGO4.NA3Vj/eYSv5SZYFP4uMgt8S8Dh0Cy,testr6_1764151177729@gmail.com
160,"Register Test",$2a$10$ceuTfi3ksx1arX/dYbmeV.dBMs1j.ppiTRFhSKqiirKNK7lXDyoDu,testr3_1764151177746@gmail.com
161,"Register Test",$2a$10$Pg7jHItcIXLL.tThlPvnJOAmVhIpXZLw.UaKp2nUdQFdeus0F9192,testr2_1764151177760@gmail
162,,$2a$10$ys13yZb.Ph2WwgE0pNRsDua0GjRzF2SUMLRaDarv728RxVP6MG9LS,testr7_1764151177836@gmail.com
163,"Register Test",$2a$10$6Si4/zvCOLeAdUHfd/AcGOllSxDX7Erc/qyl1LAzPxCYx67pEZE0G,testr8_1764151177833@gmail.com
164,"Register Test",$2a$10$rkwXApwuTP2ZyfSyvi/fHeLlE48.puvnIWcCNti97eMwf.IXbyts.,testr4_1764151177845@gmail.com
165,"User Goc",$2a$10$y32/zVVax4MYDTkkn8Q0HOmOgJvgozuuzcqranO46bQ8NUpqgZNzy,duplicate_1764151177874@gmail.com
166,"Register Test",$2a$10$x0T47JJWVmp8VuD2Ub26XeNR9xP3N21arVkRoEJgD7zDR29.rYVVS,test_auto_1764165265680@gmail.com
167,"Register Test",$2a$10$bv03kJVQ0BhK.4qWNIRu9O2.0KVut2IZty7tttLBHxc.isotf/kbO,testr3_1764165265717@gmail.com
168,"Register Test",$2a$10$p2Xaf2DpAuTzgtNpdBKANeoh0t3zxEQc5F31dlD/sfBKbD6vXbRr2,testr2_1764165265761@gmail
169,"Register Test",$2a$10$/Y85.740Ae7AClL7lCJAk.7HnukSHUzgqCVfR8HwC1VsdughKEicS,testr4_1764165266093@gmail.com
170,,$2a$10$cxl1905I3MdAOjiTMfIXceAe6ehXydNkkF.fJr5c1MZo023/SMOJa,testr7_1764165266167@gmail.com
171,"Register Test",$2a$10$BT4.vFfBU1gdCe99OvtnAue9P25Za4Eert73.v63SqCbGWe4jzo2q,testr8_1764165266187@gmail.com
172,"User Goc",$2a$10$agp7Hp03CdYskYvihE5qY.er0cmTaQEbPU7AEM6Kq98hI7TBTDVwS,duplicate_1764165266192@gmail.com
173,"Register Test",$2a$10$xsxOgBguHc6lInvSxf9Gl./Vukj3vVFQ/WuwV58vsAYZDCB.sMBq2,testr6_1764165266935@gmail.com
174,"Register Test",$2a$10$jC8Le55lozodOrXn9GSTTOyMb472uQznaczv6RJgXCOXy/o1p3mFe,testr3_1764167332455@gmail.com
175,"Register Test",$2a$10$JYqJM/AAnkmg5Z6EIL4r3eEhy/dk8/Ln0/fEUJxatXG9XVM2OJ2ky,test_auto_1764167332462@gmail.com
176,"Register Test",$2a$10$28liSVQW6/9dkK3m50nmDeO/sEIwOn1wJGRNb9Ka5hwYPOgYHlrwC,testr2_1764167332462@gmail
177,"Register Test",$2a$10$/gihDdY2BE8tYe4C2XFS/uggX421F4ZoegkkXhsHTyHpRKZPHz/j.,testr4_1764167332731@gmail.com
178,"Register Test",$2a$10$6efx.d6VLhN6c.hNMe5aB.3qHXb0uG/3Dl2hoJOgoI8yUSI70hcYa,testr8_1764167332815@gmail.com
179,"User Goc",$2a$10$92tWkUb1yHt3bDuBjIQboOwTDyqFAaKy.v.orgLFIbAPYOyndyDuS,duplicate_1764167332821@gmail.com
180,,$2a$10$hs0eLQ4C67pba9mghcameOIztf6JP6byZDR1qAQsC3vsp01MTnBLG,testr7_1764167333689@gmail.com
181,"Register Test",$2a$10$U0uml78Age8Ic2dZb4BLX.0QeOu5BcO5/gaxA9fy6GV7n4TLmgv/m,testr6_1764167333696@gmail.com
182,"Register Test",$2a$10$auhkDLu1f1XdiFxfXcmGF.v4H.M5w9OAsOBHjuVpusD9FDAc81CzG,testr2_1764170288658@gmail
183,"Register Test",$2a$10$aH0WdGWF2Vcsc5eBFc.QzuAK0A1KApX/Cu284viGkQyKmoGm7v0FK,testr3_1764170288708@gmail.com
184,"Register Test",$2a$10$uyQxxBobv8NS6UFbokSxnuNOrVo.OPoSKXGbRSPsLOHTCe6ieLt5a,test_auto_1764170288711@gmail.com
185,,$2a$10$5Rv.r6Q9LWleTeTHpEp5NexkTdmHZAY6ZSeaXOM5YOBt9l2t5Cvse,testr7_1764170288953@gmail.com
186,"Register Test",$2a$10$ZMU1zA3iZmI55ZaO8U4WJevxAuTTTmWWu4pz4BWmwQrns2WorvRRG,testr8_1764170288971@gmail.com
187,"User Goc",$2a$10$MONcviFWqpIBMmtrkvMoD.Ig5r78uVLSHqXKY3/jkQRhLWnYVenh6,duplicate_1764170289013@gmail.com
188,"Register Test",$2a$10$cNn2xBKl0JItON2Eo17XSub9rjl2ybMcE8hvoIDNfTdiJ8Kbnk.9O,testr4_1764170289657@gmail.com
189,"Register Test",$2a$10$6VvHj6Jd3bJC3isO8.CaW.yfrWorgQZDowgj0aTAKc0702GcT0knC,testr6_1764170289671@gmail.com
190,Test5,$2a$10$60idRNF91W7zv4FSNkkv4ezpXPPaISPDD0MHXvwZP4VLJ1GNaJFhW,example1234@gmail.com
191,TestUser,$2a$10$8hq3I49MZJewLoVJktX4wedUdE95cvNja/BGZqZN0SCiALG8e9okK,example@gmail.com
192,TestEmailFormat,$2a$10$4ngWLM/sR9bV7kdy9UGRP.Il.Xo2u9C2jmzhc.KceOh7INBhqpujy,not-email@g
